{
  "NG:national_id": {
    "field_bboxes": {
      "surname": {
        "x": 0.26159722222222215,
        "y": 0.5607313796936757,
        "w": 0.10211805555555557,
        "h": 0.018440047554347826,
        "hits": 16
      },
      "given_names": {
        "x": 0.2600694444444445,
        "y": 0.6127485795454546,
        "w": 0.15222222222222223,
        "h": 0.020737864377470362,
        "hits": 16
      },
      "id_number": {
        "x": 0.16755208333333332,
        "y": 0.7524213346096836,
        "w": 0.2077256944444444,
        "h": 0.04533025568181818,
        "hits": 16
      },
      "date_of_birth": {
        "x": 0.2600694444444445,
        "y": 0.6576017477766801,
        "w": 0.124375,
        "h": 0.018687083127470357,
        "hits": 16
      },
      "issue_date": {
        "x": 0.7486111111111111,
        "y": 0.6937499999999998,
        "w": 0.1569444444444445,
        "h": 0.017968750000000002,
        "hits": 14
      }
    },
    "learned_labels": {
      "surname": [
        "surname"
      ],
      "given_names": [
        "prenoms",
        "given names"
      ],
      "id_number": [
        "identification number"
      ],
      "date_of_birth": [
        "date of birth"
      ],
      "issue_date": [
        "issue date"
      ]
    }
  }
}