{
  "NG:national_id": {
    "field_bboxes": {
      "surname": {
        "x": 0.2622222222222222,
        "y": 0.5604663678712593,
        "w": 0.10126984126984126,
        "h": 0.019046001552795032,
        "hits": 7
      },
      "given_names": {
        "x": 0.260515873015873,
        "y": 0.617086038961039,
        "w": 0.15686507936507937,
        "h": 0.021284761434217956,
        "hits": 7
      },
      "id_number": {
        "x": 0.1686904761904762,
        "y": 0.7525210862507058,
        "w": 0.20515873015873012,
        "h": 0.04535308441558441,
        "hits": 7
      },
      "date_of_birth": {
        "x": 0.260515873015873,
        "y": 0.6573307806324111,
        "w": 0.12357142857142857,
        "h": 0.019610654291360812,
        "hits": 7
      },
      "issue_date": {
        "x": 0.7486111111111111,
        "y": 0.69375,
        "w": 0.15694444444444444,
        "h": 0.01796875,
        "hits": 5
      }
    },
    "learned_labels": {
      "surname": [
        "surname"
      ],
      "given_names": [
        "prenoms",
        "given names"
      ],
      "id_number": [
        "identification number"
      ],
      "date_of_birth": [
        "date of birth"
      ],
      "issue_date": [
        "issue date"
      ]
    }
  }
}